itnum,ssobja,fsobj,ssobjx,abscrit,concrit,delta,delcrit,numcuts
1, 3280.5897429922657, -42431.20037385875, 3280.5897429922657, 45711.790116851014, 13.93401604528439, 0.25, -0.0, 12 
2, 1856.21856179979, -9224.429751368998, 1856.21856179979, 11080.648313168787, 5.96947393006586, 0.0625, -0.5662077551175542, 12 
3, 1683.8899738698935, -387.97079892651186, 1683.8899738698935, 2071.8607727964054, 1.2304015137252462, 0.05, -1.470725178401673, 2 
4, 1640.071569369903, -318.48187610876136, 1640.071569369903, 1958.5534454786643, 1.1941877915919237, 0.05, -91.67042168356414, 3 
5, 1598.3455438488922, -272.7153943492126, 1598.3455438488922, 1871.0609381981049, 1.1706235522091073, 0.05, -427.7935855065533, 4 
6, 1598.3455438488922, 1584.8490134299107, 1633.4763893745223, 13.496530418981592, 0.008444062969312919, 0.1, 0.4600704276436433, 1 
7, 1586.4532601077265, 1586.3700972278818, 1586.4532601077265, 0.08316287984462178, 5.2420630305218984e-5, 0.05, -63.571054118611386, 1 
8, 1586.3815037695722, 1586.3700972278818, 1586.3815037695722, 0.011406541690348604, 7.190289134891935e-6, 0.05, -110254.45950754106, 0 
