itnum,ssobja,fsobj,ssobjx,abscrit,concrit,delta,delcrit,numcuts
1, 1061.0033418807916, -17595.19808416656, 1061.0033418807916, 18656.20142604735, 17.583546337351404, 0.25, -0.0, 24 
2, 738.6551075731277, 610.6860429350065, 738.6551075731277, 127.96906463812115, 0.17324602960988086, 0.0625, -0.28324023623352557, 24 
3, 738.6551075731277, 733.2030126196798, 774.4116316721176, 5.4520949534478405, 0.0073811104770670505, 0.125, 0.4131099577986715, 7 
4, 733.2748145474955, 733.235615139614, 733.2748145474955, 0.03919940788148324, 5.345800388039767e-5, 0.05, -90.56352883184869, 3 
5, 733.2534897117428, 733.2423496135438, 733.2534897117428, 0.011140098199007298, 1.5192697144046573e-5, 0.05, -2.81982606798534, 4 
6, 733.2491482939809, 733.2437407542474, 733.2491482939809, 0.005407539733482736, 7.37476442497545e-6, 0.05, -94.8677818236083, 2 
