itnum,ssobja,fsobj,ssobjx,abscrit,concrit,delta,delcrit,numcuts
1, 2515.4988136756865, -43714.26480374898, 2515.4988136756865, 46229.763617424665, 18.377970749217397, 0.25, -0.0, 24 
2, 1593.4040309582306, -3465.6398690546494, 1593.4040309582306, 5059.04390001288, 3.1749912776172584, 0.0625, -0.3357502399980705, 24 
3, 1461.2692405675543, -3464.8091276619007, 1461.2692405675543, 4926.078368229455, 3.3710956417010722, 0.05, -8866.566264600533, 3 
4, 1355.739070011949, -3464.8091276619007, 1355.739070011949, 4820.54819767385, 3.5556607494029127, 0.05, -613.3132310412018, 2 
5, 1335.0821953542704, 1162.3478322970752, 1335.0821953542704, 172.7343630571952, 0.12938107006314048, 0.05, -0.24477328054549166, 2 
6, 1335.0821953542704, 1331.8058645652661, 1380.6101401297121, 3.276330789004305, 0.0024540292728079333, 0.1, 0.9326922321784881, 2 
7, 1334.0809267474042, 1333.3994123426894, 1334.0809267474042, 0.6815144047147896, 0.0005108493728160293, 0.05, -8.339331540730129, 2 
8, 1334.0637426872281, 1333.721462823765, 1334.0637426872281, 0.3422798634630908, 0.00025656934710901054, 0.05, -3.3991297971452306, 1 
9, 1334.0596049185303, 1334.0596040104344, 1334.0596049185303, 9.080958989216015e-7, 6.807011437671032e-10, 0.05, -0.9139523131311083, 1 
