itnum,ssobja,fsobj,ssobjx,abscrit,concrit,delta,delcrit,numcuts
1, 2812.4066680615088, -48880.16176230922, 2812.4066680615088, 51692.568430370724, 18.380189827240994, 0.25, -0.0, 12 
2, 1751.8301409219987, -3091.4141626851538, 1751.8301409219987, 4843.244303607153, 2.764676888740964, 0.0625, -0.2767348729018439, 12 
3, 1736.0027619710852, 1692.7373561718555, 1736.0027619710852, 43.26540579922971, 0.024922429126842508, 0.05, -0.1428812531288375, 3 
4, 1692.973889575614, 1692.8793839300517, 1692.973889575614, 0.09450564556232166, 5.5822269997327754e-5, 0.05, -185.3561835542906, 2 
5, 1692.888680553956, 1692.881870142077, 1692.888680553956, 0.006810411878859668, 4.022953167027336e-6, 0.05, -17.117703716579644, 3 
