itnum,ssobja,fsobj,ssobjx,abscrit,concrit,delta,delcrit,numcuts
1, 3807.223925454108, -50935.86656928265, 3807.223925454108, 54743.09049473675, 14.378741982770507, 0.25, -0.0, 12 
2, 2636.4699753165437, -1238.2237014177942, 2636.4699753165437, 3874.6936767343377, 1.4696521155219988, 0.0625, -0.2918806077953475, 12 
3, 2555.3764496689773, 2546.2449401748136, 2555.3764496689773, 9.131509494163765, 0.0035734498121974554, 0.05, -4.016523694799339, 2 
4, 2546.5165461478555, 2546.2451433692627, 2546.5165461478555, 0.27140277859280104, 0.00010657805424564959, 0.05, -93.11620567045522, 2 
5, 2546.4625313859615, 2546.343782928219, 2546.4625313859615, 0.11874845774264031, 4.663271353064225e-5, 0.05, -7.283221703841418, 1 
6, 2546.4558532764077, 2546.343782928219, 2546.4558532764077, 0.11207034818880857, 4.401032440621674e-5, 0.05, -3.6613855092269905, 1 
7, 2546.4543305953734, 2546.4145023328983, 2546.4543305953734, 0.03982826247511184, 1.5640674170582213e-5, 0.05, -0.35948520750267443, 2 
8, 2546.4543305953734, 2546.448270948085, 2546.4589317397304, 0.006059647288566339, 2.379641062382346e-6, 0.1, 0.5346784250737976, 1 
