itnum,ssobja,fsobj,ssobjx,abscrit,concrit,delta,delcrit,numcuts
1, 2450.582010881803, -34932.45462319025, 2450.582010881803, 37383.03663407205, 15.25475844843031, 0.25, -0.0, 24 
2, 1343.1140506367863, -3442.348130775109, 1343.1140506367863, 4785.4621814118955, 3.5629604046973484, 0.0625, -0.46274642918844405, 24 
3, 1246.7869768181934, 672.8398067340826, 1246.7869768181934, 573.9471700841108, 0.46034100512405157, 0.05, -3.3491766084356223, 5 
4, 1235.1500713086816, 1234.8409893078958, 1235.1500713086816, 0.30908200078579284, 0.0002502384187682436, 0.05, -16.98623282356353, 4 
5, 1234.8569402650103, 1234.8440842822934, 1234.8569402650103, 0.012855982716928338, 1.0410908581983837e-5, 0.05, -6696.244313556399, 1 
6, 1234.8567081331357, 1234.8440842822934, 1234.8567081331357, 0.01262385084237394, 1.022292769616787e-5, 0.05, -3.2165125962526298, 2 
7, 1234.8564871368826, 1234.8450892337069, 1234.8564871368826, 0.01139790317574807, 9.230143983916813e-6, 0.05, -4.129698055778263, 4 
