itnum,ssobja,fsobj,ssobjx,abscrit,concrit,delta,delcrit,numcuts
1, 3039.426855166053, -39366.897011290115, 3039.426855166053, 42406.323866456165, 13.952079088324691, 0.25, -0.0, 12 
2, 1851.554663563978, -7502.659694978308, 1851.554663563978, 9354.214358542285, 5.052086520921967, 0.0625, -0.4220672752041082, 12 
3, 1706.379081848769, 373.00798723070506, 1706.379081848769, 1333.3710946180638, 0.7814037975508646, 0.05, -1.4614037149613193, 4 
4, 1706.379081848769, 1690.24622061517, 1711.1716300869105, 16.132861233598987, 0.009454441516077989, 0.05, 0.14339179219564582, 3 
5, 1690.4309014813507, 1690.358505743503, 1690.4309014813507, 0.07239573784772801, 4.282679509957031e-5, 0.05, -90.6082393250145, 2 
6, 1690.3915585065452, 1690.3692562163885, 1690.3915585065452, 0.02230229015663099, 1.31935645586953e-5, 0.05, -1.6065992884787057, 2 
7, 1690.3760973356093, 1690.3692562163885, 1690.3760973356093, 0.006841119220780456, 4.0470988861964525e-6, 0.05, -21545.8201418979, 0 
