itnum,ssobja,fsobj,ssobjx,abscrit,concrit,delta,delcrit,numcuts
1, 2185.722483551299, -36488.51533276703, 2185.722483551299, 38674.237816318324, 17.694029368943383, 0.25, -0.0, 24 
2, 1209.4838259860621, -2606.646363921292, 1209.4838259860621, 3816.130189907354, 3.1551725685920955, 0.0625, -0.3636724658093854, 24 
3, 1193.4968685878873, 1041.532997953862, 1193.4968685878873, 151.9638706340254, 0.1273265767457037, 0.05, -0.19085526807230646, 5 
4, 1193.4968685878873, 1191.3019214912233, 1209.9321266009972, 2.1949470966640092, 0.0018390891123667766, 0.1, 0.8345505420374127, 3 
5, 1191.4002665448363, 1191.390712672933, 1191.4002665448363, 0.009553871903335676, 8.019027837757606e-6, 0.05, -22.80209745899207, 1 
