itnum,ssobja,fsobj,ssobjx,abscrit,concrit,delta,delcrit,numcuts
1, 2596.1363977903134, -40440.80633666233, 2596.1363977903134, 43036.94273445265, 16.577304170567324, 0.25, -0.0, 24 
2, 1486.4186837782431, -5238.018475897373, 1486.4186837782431, 6724.4371596756155, 4.523918619337251, 0.0625, -0.3744391906726728, 24 
3, 1349.25096822777, 283.60289946999706, 1349.25096822777, 1065.648068757773, 0.7898071551191206, 0.05, -3.553022536714177, 4 
4, 1326.886560833175, 307.1818572999191, 1326.886560833175, 1019.704703533256, 0.7684942583885158, 0.05, -49.09455007198773, 4 
5, 1305.0709830401936, 350.5934712822576, 1305.0709830401936, 954.477511757936, 0.7313606111557127, 0.05, -44.079095200134326, 2 
6, 1283.7147807841643, 353.41769384257753, 1283.7147807841643, 930.2970869415867, 0.7246914196728631, 0.05, -2938.196723210885, 3 
7, 1283.7147807841643, 1271.8508417285523, 1300.8744110916916, 11.863939055612036, 0.00924188085484531, 0.1, 0.44558754686067886, 2 
8, 1271.8594973609768, 1271.851968103282, 1271.8594973609768, 0.0075292576948413625, 5.919881646096503e-6, 0.05, -709637.4611529048, 1 
