itnum,ssobja,fsobj,ssobjx,abscrit,concrit,delta,delcrit,numcuts
1, 3526.077259805749, -52668.587429304185, 3526.077259805749, 56194.66468910994, 15.936878448376397, 0.25, -0.0, 12 
2, 2154.214176790892, -3650.975714522242, 2154.214176790892, 5805.189891313134, 2.694806279643368, 0.0625, -0.4337706278322599, 12 
3, 2154.214176790892, 2135.8755348577315, 2207.0921617912254, 18.33864193316049, 0.00851291488596482, 0.125, 0.25841484464977915, 2 
4, 2136.194174205475, 2136.0953671614448, 2136.194174205475, 0.09880704403030904, 4.625377469117675e-5, 0.05, -62.95803805855123, 1 
5, 2136.096018247401, 2136.0955925106164, 2136.096018247401, 0.0004257367845639237, 1.993060147704443e-7, 0.05, -150.84055369288703, 1 
